feedback_date;client_id;client_name;feedback_text;responsible_id;actions_taken
01.06.2026;125;Андрей;"Что было хорошо
Отлично отдохнули! Персонал приветливый, доброжелательный. Ребёнку подарили подарки. Номер был на 10 этаже, прекрасный вид. Комната отличных размеров, есть всё, что нужно. Очень понравилось, что и душ и ванная в санузле. Кровать большая, удобный матрац. Да и вообще, очень уютно начиная от входа. Теперь наш любимый отель😍💕
Что было плохо
-";;
05.06.2026;214;Светлана;"Что было хорошо
нас быстро выселили
Что было плохо
Рядом стройки, пыль, нет своего паркинга, совершенно не вкусные блюда за оверпрайс.
Номер будто с 90х годов ,ни как не улучшался, дизайн, обои, мебель, все было старое, воняло сыростью, одним слово - отвратительно, даже не стали спорить ни с кем, просто выселились молча из «отеля» тянет на мотель, выбирали по оценке, но она накрученная очень сильно
На фото все собственно видно, пол грязный, все в известковом камне, следы на стеклах после детей, стены в следах от обуви
персонал не обучен другим языкам (людям, из Китая объяснили их заселение на пальцах и русском языке) Очереди, ничего не могут сами, вечно отходили уточняли у кого то.";;
