feedback_date;client_id;feedback_text;responsible_id;actions_taken;positives;negatives;questions;total_elements;total_positives;total_negatives;tone;form;style;mood;total_rating;quality_items;adv_quality_items;task_plan;client_request;response_text;feedback;response
01.06.2026;125;"Что было хорошо
Отлично отдохнули! Персонал приветливый, доброжелательный. Ребёнку подарили подарки. Номер был на 10 этаже, прекрасный вид. Комната отличных размеров, есть всё, что нужно. Очень понравилось, что и душ и ванная в санузле. Кровать большая, удобный матрац. Да и вообще, очень уютно начиная от входа. Теперь наш любимый отель😍💕
Что было плохо
-";0;;"[{""name"": ""Персонал"", ""vector"": [], ""vector_name"": ""приветливый, доброжелательный""}]";[];[];8;1;0;1;0;1;3;0;"[{""id"": 1, ""name"": ""Вежливость персонала ресепшен"", ""rating"": 5}, {""id"": 4, ""name"": ""Удовлетворенность работой персонала ресепшен"", ""rating"": 5}, {""id"": 6, ""name"": ""Общее состояние номера (ремонт, исправность оборудования и инженерных сетей)"", ""rating"": 5}, {""id"": 8, ""name"": ""Оснащение номеров (мебелью, посудой, оборудованием)"", ""rating"": 5}, {""id"": 10, ""name"": ""Чистота постельного белья, полотенец, халатов"", ""rating"": 5}]";[];[];[];"Уважаемый(ая) клиент(ка),

Благодарим Вас за то, что выбрали именно нас — стараемся оправдывать Ваше доверие! Мы очень признательны за Ваш отзыв и высокую оценку нашей работы. Нам особенно приятно, что Вы отметили ""приветливый и доброжелательный"" персонал, а также оценили качество номера и удобство кровати. Ваши слова о том, что ""теперь наш любимый отель"", вдохновляют нашу команду на дальнейшую работу!

Ваша удовлетворенность является для нас приоритетом, и мы будем продолжать прилагать усилия для поддержания высокого уровня сервиса. 

Будем рады видеть Вас снова в нашем отеле!

С уважением,  
Руководитель службы по работе с клиентами  
Смирнова Анна Викторовна";"Что было хорошо
Отлично отдохнули! Персонал приветливый, доброжелательный. Ребёнку подарили подарки. Номер был на 10 этаже, прекрасный вид. Комната отличных размеров, есть всё, что нужно. Очень понравилось, что и душ и ванная в санузле. Кровать большая, удобный матрац. Да и вообще, очень уютно начиная от входа. Теперь наш любимый отель😍💕
Что было плохо
-";"Уважаемый(ая) клиент(ка),

Благодарим Вас за то, что выбрали именно нас — стараемся оправдывать Ваше доверие! Мы очень признательны за Ваш отзыв и высокую оценку нашей работы. Нам особенно приятно, что Вы отметили ""приветливый и доброжелательный"" персонал, а также оценили качество номера и удобство кровати. Ваши слова о том, что ""теперь наш любимый отель"", вдохновляют нашу команду на дальнейшую работу!

Ваша удовлетворенность является для нас приоритетом, и мы будем продолжать прилагать усилия для поддержания высокого уровня сервиса. 

Будем рады видеть Вас снова в нашем отеле!

С уважением,  
Руководитель службы по работе с клиентами  
Смирнова Анна Викторовна"
05.06.2026;214;"Что было хорошо
нас быстро выселили
Что было плохо
Рядом стройки, пыль, нет своего паркинга, совершенно не вкусные блюда за оверпрайс.
Номер будто с 90х годов ,ни как не улучшался, дизайн, обои, мебель, все было старое, воняло сыростью, одним слово - отвратительно, даже не стали спорить ни с кем, просто выселились молча из «отеля» тянет на мотель, выбирали по оценке, но она накрученная очень сильно
На фото все собственно видно, пол грязный, все в известковом камне, следы на стеклах после детей, стены в следах от обуви
персонал не обучен другим языкам (людям, из Китая объяснили их заселение на пальцах и русском языке) Очереди, ничего не могут сами, вечно отходили уточняли у кого то.";0;;"[{""name"": ""быстрое выселение"", ""vector"": [], ""vector_name"": ""хорошо""}]";"[{""name"": ""стройки рядом"", ""vector"": [], ""vector_name"": ""плохо""}, {""name"": ""пыль"", ""vector"": [], ""vector_name"": ""плохо""}, {""name"": ""отсутствие паркинга"", ""vector"": [], ""vector_name"": ""плохо""}, {""name"": ""не вкусные блюда"", ""vector"": [], ""vector_name"": ""плохо""}, {""name"": ""старый номер"", ""vector"": [], ""vector_name"": ""плохо""}, {""name"": ""вонь сырости"", ""vector"": [], ""vector_name"": ""плохо""}, {""name"": ""грязный пол"", ""vector"": [], ""vector_name"": ""плохо""}, {""name"": ""следы на стеклах"", ""vector"": [], ""vector_name"": ""плохо""}, {""name"": ""стены в следах от обуви"", ""vector"": [], ""vector_name"": ""плохо""}, {""name"": ""необученный персонал"", ""vector"": [], ""vector_name"": ""плохо""}, {""name"": ""очереди"", ""vector"": [], ""vector_name"": ""плохо""}]";[];12;1;11;1;0;1;1;0;"[{""id"": 6, ""name"": ""Общее состояние номера (ремонт, исправность оборудования и инженерных сетей)"", ""rating"": 1}, {""id"": 12, ""name"": ""Удовлетворенность качеством блюд в кафе"", ""rating"": 1}, {""id"": 14, ""name"": ""Удовлетворенность работой автомобильной парковки"", ""rating"": 1}]";[];"[{""id"": 1, ""name"": ""Ремонт номера"", ""task"": ""Общее состояние номера (ремонт, исправность оборудования и инженерных сетей) требует внимания.""}, {""id"": 5, ""name"": ""Ремонт водоснабжения"", ""task"": ""Устранить запах сырости в номере.""}, {""id"": 1, ""name"": ""Ремонт номера"", ""task"": ""Обновить дизайн, обои и мебель в номере.""}, {""id"": 1, ""name"": ""Ремонт номера"", ""task"": ""Провести уборку, убрать грязь и известковый камень с пола.""}, {""id"": 1, ""name"": ""Ремонт номера"", ""task"": ""Очистить следы на стеклах и стенах.""}]";"[{""name"": ""Запрос от клиента"", ""task"": ""Улучшить качество блюд в кафе.""}]";"Уважаемый(ая) клиент(ка),

Мы сожалеем, что продукт не соответствовал вашим ожиданиям. Спасибо за ваш отзыв и обратную связь.

Нам приятно, что вы отметили быстрое выселение. Однако мы искренне извиняемся за все те негативные моменты, с которыми вы столкнулись, включая шум от строительных работ, отсутствие паркинга и качество блюд в нашем кафе. Мы понимаем, что это создало для вас дискомфорт, и мы делаем все возможное для повышения удовлетворенности клиентов.

Мы обязательно изучим все ваши предложения, включая улучшение качества блюд в кафе, и учтем их при планировании улучшений. Также мы планируем провести ремонт номера, обновить его дизайн, устранить запах сырости и провести тщательную уборку, чтобы обеспечить лучшее состояние наших помещений.

Надеемся, что в следующий раз ваше пребывание в нашем отеле будет сопровождаться только приятными эмоциями.

С уважением,  
Егорова Наталья Петровна  
Руководитель службы управления персоналом";"Что было хорошо
нас быстро выселили
Что было плохо
Рядом стройки, пыль, нет своего паркинга, совершенно не вкусные блюда за оверпрайс.
Номер будто с 90х годов ,ни как не улучшался, дизайн, обои, мебель, все было старое, воняло сыростью, одним слово - отвратительно, даже не стали спорить ни с кем, просто выселились молча из «отеля» тянет на мотель, выбирали по оценке, но она накрученная очень сильно
На фото все собственно видно, пол грязный, все в известковом камне, следы на стеклах после детей, стены в следах от обуви
персонал не обучен другим языкам (людям, из Китая объяснили их заселение на пальцах и русском языке) Очереди, ничего не могут сами, вечно отходили уточняли у кого то.";"Уважаемый(ая) клиент(ка),

Мы сожалеем, что продукт не соответствовал вашим ожиданиям. Спасибо за ваш отзыв и обратную связь.

Нам приятно, что вы отметили быстрое выселение. Однако мы искренне извиняемся за все те негативные моменты, с которыми вы столкнулись, включая шум от строительных работ, отсутствие паркинга и качество блюд в нашем кафе. Мы понимаем, что это создало для вас дискомфорт, и мы делаем все возможное для повышения удовлетворенности клиентов.

Мы обязательно изучим все ваши предложения, включая улучшение качества блюд в кафе, и учтем их при планировании улучшений. Также мы планируем провести ремонт номера, обновить его дизайн, устранить запах сырости и провести тщательную уборку, чтобы обеспечить лучшее состояние наших помещений.

Надеемся, что в следующий раз ваше пребывание в нашем отеле будет сопровождаться только приятными эмоциями.

С уважением,  
Егорова Наталья Петровна  
Руководитель службы управления персоналом"
