id;name;importance;responsible_id
1;Вежливость персонала ресепшен;1;6
2;Вежливость персонала службы обслуживания номеров;1;6
3;Вежливость персонала кафе;1;6
4;Удовлетворенность работой персонала ресепшен;1;6
5;Удовлетворенность качеством уборки номеров;1;2
6;Общее состояние номера (ремонт, исправность оборудования и инженерных сетей);1;3
7;Оценка состояния мебели в номере;1;3
8;Оснащение номеров (мебелью, посудой, оборудованием);1;3
9;Оснащение номеров расходными материалами (полотенца, шампунь, мыло, салфетки, предметы личной гигиены, одноразовые принадлежности);1;2
10;Чистота постельного белья, полотенец, халатов;1;2
11;Удовлетворенность обслуживанием в кафе;1;4
12;Удовлетворенность качеством блюд в кафе;1;4
13;Удовлетворенность ассортиментом блюд в кафе;1;4
14;Удовлетворенность работой автомобильной парковки;1;5
